5,p,r,i,m
A,A,A,U,99
A,A,C,U,99
A,A,G,U,99
A,A,U,U,99
A,C,A,U,99
A,C,C,U,99
A,C,G,U,99
A,C,U,U,99
A,G,A,U,99
A,G,C,U,99
A,G,G,U,99
A,G,U,U,99
A,U,A,U,99
A,U,C,U,99
A,U,G,U,99
A,U,U,U,99
C,A,A,G,99
C,A,C,G,99
C,A,G,G,99
C,A,U,G,99
C,C,A,G,99
C,C,C,G,99
C,C,G,G,99
C,C,U,G,99
C,G,A,G,99
C,G,C,G,99
C,G,G,G,99
C,G,U,G,99
C,U,A,G,99
C,U,C,G,99
C,U,G,G,99
C,U,U,G,99
G,A,A,C,99
G,A,C,C,99
G,A,G,C,99
G,A,U,C,99
G,A,A,U,99
G,A,C,U,99
G,A,G,U,99
G,A,U,U,99
G,C,A,C,99
G,C,C,C,99
G,C,G,C,99
G,C,U,C,99
G,C,A,U,99
G,C,C,U,99
G,C,G,U,99
G,C,U,U,99
G,G,A,C,99
G,G,C,C,99
G,G,G,C,99
G,G,U,C,99
G,G,A,U,99
G,G,C,U,99
G,G,G,U,99
G,G,U,U,99
G,U,A,C,99
G,U,C,C,99
G,U,G,C,99
G,U,U,C,99
G,U,A,U,99
G,U,C,U,99
G,U,G,U,99
G,U,U,U,99
U,A,A,A,99
U,A,C,A,99
U,A,G,A,99
U,A,U,A,99
U,A,A,G,99
U,A,C,G,99
U,A,G,G,99
U,A,U,G,99
U,C,A,A,99
U,C,C,A,99
U,C,G,A,99
U,C,U,A,99
U,C,A,G,99
U,C,C,G,99
U,C,G,G,99
U,C,U,G,99
U,G,A,A,99
U,G,C,A,99
U,G,G,A,99
U,G,U,A,99
U,G,A,G,99
U,G,C,G,99
U,G,G,G,99
U,G,U,G,99
U,U,A,A,99
U,U,C,A,99
U,U,G,A,99
U,U,U,A,99
U,U,A,G,99
U,U,C,G,99
U,U,G,G,99
U,U,U,G,99
