5primeOuter,5primeInner,3primeInner,3primeOuter,Energy
A,A,A,U,-0.80
A,A,C,U,-1.00
A,A,G,U,-0.80
A,C,A,U,-0.60
A,C,C,U,-0.70
A,C,U,U,-0.70
A,G,A,U,-0.80
A,G,G,U,-0.80
A,U,C,U,-0.80
A,U,U,U,-0.80
C,A,A,G,-1.50
C,A,C,G,-1.50
C,A,G,G,-1.40
C,C,A,G,-1.00
C,C,C,G,-1.10
C,C,U,G,-0.80
C,G,A,G,-1.40
C,G,G,G,-1.60
C,U,C,G,-1.40
C,U,U,G,-1.20
G,A,A,C,-1.10
G,A,C,C,-1.50
G,A,G,C,-1.30
G,A,A,U,-0.30
G,A,C,U,-1.00
G,A,G,U,-0.80
G,C,A,C,-1.10
G,C,C,C,-0.70
G,C,U,C,-0.50
G,C,A,U,-0.60
G,C,C,U,-0.70
G,C,U,U,-0.70
G,G,A,C,-1.60
G,G,G,C,-1.40
G,G,A,U,-0.60
G,G,G,U,-0.80
G,U,C,C,-1.00
G,U,U,C,-0.70
G,U,C,U,-0.80
G,U,U,U,-0.80
U,A,A,A,-1.00
U,A,C,A,-0.80
U,A,G,A,-1.10
U,A,A,G,-1.00
U,A,C,G,-0.80
U,A,G,G,-1.10
U,C,A,A,-0.70
U,C,C,A,-0.60
U,C,U,A,-0.50
U,C,A,G,-0.70
U,C,C,G,-0.60
U,C,U,G,-0.50
U,G,A,A,-1.10
U,G,G,A,-1.20
U,G,A,G,-0.50
U,G,G,G,-0.80
U,G,U,G,-0.80
U,U,C,A,-0.60
U,U,U,A,-0.50
U,U,C,G,-0.60
U,U,G,G,-1.10
U,U,U,G,-0.50
