5primeOuter,5primemismatch,5primeInner,3primeInner,3primemismatch,3primeOuter,Energy
A,A,A,U,A,U,1.70
A,A,A,U,C,U,1.70
A,A,A,U,G,U,1.70
A,A,C,G,A,U,1.10
A,A,C,G,C,U,1.10
A,A,C,G,U,U,1.10
A,A,G,C,A,U,1.10
A,A,G,C,G,U,1.70
A,A,G,C,U,U,1.70
A,A,U,G,A,U,1.70
A,A,U,G,G,U,1.70
A,A,U,G,U,U,1.10
A,C,A,U,C,U,1.10
A,C,A,U,G,U,1.10
A,C,A,U,U,U,1.10
A,C,C,G,A,U,1.10
A,C,C,G,C,U,1.70
A,C,C,G,G,U,1.70
A,C,U,A,U,U,1.70
A,C,G,U,A,U,-0.40
A,C,G,U,C,U,1.70
A,C,G,U,G,U,1.10
A,C,U,G,A,U,1.10
A,C,U,G,C,U,1.10
A,C,U,G,U,U,-1.00
A,G,A,U,A,U,1.70
A,G,A,U,G,U,-0.40
A,G,A,U,U,U,1.70
A,G,G,C,U,U,1.70
A,G,U,A,A,U,1.50
A,G,U,A,G,U,1.10
A,G,U,A,U,U,1.10
A,G,G,U,C,U,1.10
A,G,G,U,G,U,1.10
A,G,G,U,U,U,1.10
A,G,U,G,A,U,1.70
A,G,U,G,C,U,1.70
A,G,U,G,G,U,1.20
A,U,C,G,C,U,1.10
A,U,C,G,G,U,1.10
A,U,C,G,U,U,1.10
A,U,G,C,A,U,0.40
A,U,G,C,C,U,-0.40
A,U,G,C,G,U,0.40
A,U,U,A,A,U,0.40
A,U,U,A,C,U,0.40
A,U,U,A,U,U,1.10
A,U,G,U,A,U,1.10
C,A,A,U,A,G,-1.70
C,A,A,U,C,G,0.40
C,A,A,U,G,G,0.40
C,A,C,G,A,G,0.40
C,A,C,G,C,G,1.10
C,A,C,G,U,G,-1.00
C,A,G,U,A,G,1.10
C,A,G,U,C,G,1.10
C,A,G,U,U,G,0.00
C,A,U,G,A,G,-0.30
C,A,U,G,G,G,0.40
C,A,U,G,U,G,0.40
C,C,A,U,C,G,1.10
C,C,A,U,G,G,1.10
C,C,A,U,U,G,1.10
C,C,G,C,G,G,1.10
C,C,G,C,U,G,1.10
C,C,U,A,C,G,0.80
C,C,U,A,G,G,0.40
C,C,U,A,U,G,0.40
C,C,G,U,A,G,0.40
C,C,G,U,C,G,0.30
C,C,G,U,G,G,-0.10
C,C,U,G,A,G,1.10
C,C,U,G,C,G,1.10
C,G,C,G,C,G,1.10
C,G,C,G,G,G,1.10
C,G,G,C,A,G,0.40
C,G,G,C,C,G,0.40
C,G,G,C,U,G,0.40
C,G,U,A,A,G,0.50
C,G,U,A,G,G,0.00
C,G,U,A,U,G,1.10
C,G,G,U,C,G,1.10
C,U,A,U,A,G,1.10
C,U,A,U,G,G,-1.00
C,U,A,U,U,G,1.10
C,U,C,G,C,G,-2.10
C,U,C,G,G,G,0.40
C,U,C,G,U,G,0.40
C,U,G,C,A,G,-1.70
C,U,G,C,C,G,0.40
C,U,G,C,G,G,1.10
C,U,U,A,A,G,1.10
C,U,U,G,A,G,1.10
C,U,U,G,C,G,1.10
C,U,U,G,G,G,1.10
G,A,A,U,A,C,1.70
G,A,A,U,C,C,1.70
G,A,A,U,G,C,1.70
G,A,G,C,G,C,1.70
G,A,G,C,U,C,1.70
G,A,U,A,A,C,1.70
G,A,U,A,C,C,1.10
G,A,U,A,G,C,1.10
G,A,G,U,A,C,1.10
G,A,G,U,C,C,1.10
G,A,G,U,U,C,1.10
G,A,U,G,A,C,1.70
G,A,U,G,G,C,1.70
G,C,C,G,C,C,1.70
G,C,C,G,U,C,-0.40
G,C,G,C,A,C,1.10
G,C,G,C,G,C,-1.00
G,C,G,C,U,C,1.10
G,C,U,A,C,C,-1.00
G,C,U,A,G,C,1.10
G,C,U,A,U,C,1.70
G,C,G,U,A,C,-0.40
G,C,G,U,C,C,1.70
G,G,A,U,C,C,1.70
G,G,A,U,G,C,1.70
G,G,A,U,U,C,1.80
G,G,C,G,A,C,1.10
G,G,C,G,C,C,1.10
G,G,C,G,G,C,1.10
G,G,G,C,A,C,1.10
G,G,G,C,C,C,1.10
G,G,G,C,U,C,1.70
G,G,U,A,A,C,1.50
